-- phpMyAdmin SQL Dump
-- version 4.9.7
-- https://www.phpmyadmin.net/
--
-- Host: localhost:3306
-- Waktu pembuatan: 06 Feb 2023 pada 01.15
-- Versi server: 10.5.17-MariaDB-cll-lve
-- Versi PHP: 7.4.30

SET SQL_MODE = "NO_AUTO_VALUE_ON_ZERO";
SET AUTOCOMMIT = 0;
START TRANSACTION;
SET time_zone = "+00:00";


/*!40101 SET @OLD_CHARACTER_SET_CLIENT=@@CHARACTER_SET_CLIENT */;
/*!40101 SET @OLD_CHARACTER_SET_RESULTS=@@CHARACTER_SET_RESULTS */;
/*!40101 SET @OLD_COLLATION_CONNECTION=@@COLLATION_CONNECTION */;
/*!40101 SET NAMES utf8mb4 */;

--
-- Database: `u1578597_journal-menu`
--

-- --------------------------------------------------------

--
-- Struktur dari tabel `failed_jobs`
--

CREATE TABLE `failed_jobs` (
  `id` bigint(20) UNSIGNED NOT NULL,
  `uuid` varchar(191) COLLATE utf8mb4_unicode_ci NOT NULL,
  `connection` text COLLATE utf8mb4_unicode_ci NOT NULL,
  `queue` text COLLATE utf8mb4_unicode_ci NOT NULL,
  `payload` longtext COLLATE utf8mb4_unicode_ci NOT NULL,
  `exception` longtext COLLATE utf8mb4_unicode_ci NOT NULL,
  `failed_at` timestamp NOT NULL DEFAULT current_timestamp()
) ENGINE=MyISAM DEFAULT CHARSET=utf8mb4 COLLATE=utf8mb4_unicode_ci;

-- --------------------------------------------------------

--
-- Struktur dari tabel `menus`
--

CREATE TABLE `menus` (
  `id` bigint(20) UNSIGNED NOT NULL,
  `thumbnail` varchar(191) COLLATE utf8mb4_unicode_ci DEFAULT NULL,
  `name` varchar(191) COLLATE utf8mb4_unicode_ci NOT NULL,
  `price` varchar(191) COLLATE utf8mb4_unicode_ci NOT NULL,
  `created_at` timestamp NULL DEFAULT NULL,
  `updated_at` timestamp NULL DEFAULT NULL
) ENGINE=MyISAM DEFAULT CHARSET=utf8mb4 COLLATE=utf8mb4_unicode_ci;

--
-- Dumping data untuk tabel `menus`
--

INSERT INTO `menus` (`id`, `thumbnail`, `name`, `price`, `created_at`, `updated_at`) VALUES
(1, NULL, 'choco strawberry', '10000', '2023-01-28 10:39:42', '2023-01-28 10:39:42'),
(2, NULL, 'choco vanilla', '10000', '2023-01-28 10:39:42', '2023-01-28 10:39:42'),
(3, NULL, 'choco greentea', '10000', '2023-01-28 10:39:42', '2023-01-28 10:39:42'),
(4, NULL, 'choco mix', '11000', '2023-01-28 10:39:42', '2023-01-28 10:39:42'),
(5, NULL, 'choco cheese', '15000', '2023-01-28 10:39:42', '2023-01-28 10:39:42'),
(6, NULL, 'choco oreo', '15000', '2023-01-28 10:39:42', '2023-01-28 10:39:42'),
(7, NULL, 'sosis', '10000', '2023-01-28 10:39:42', '2023-01-28 10:39:42'),
(8, NULL, 'sosis keju', '15000', '2023-01-28 10:39:42', '2023-01-28 10:39:42'),
(9, NULL, 'sosis mozzarella', '15000', '2023-01-28 10:39:42', '2023-01-28 10:39:42'),
(10, NULL, 'super mozzarella komplit', '15000', '2023-01-28 10:39:42', '2023-01-28 10:39:42'),
(11, NULL, 'special ayam mozzarella', '20000', '2023-01-28 10:39:42', '2023-01-28 10:39:42'),
(12, NULL, 'smoke beef mozzarella', '18000', '2023-01-28 10:39:42', '2023-01-28 10:39:42'),
(13, NULL, 'meat lovers', '18000', '2023-01-28 10:39:42', '2023-01-28 10:39:42'),
(14, NULL, 'papperoni mozzarella', '18000', '2023-01-28 10:39:42', '2023-01-28 10:39:42');

-- --------------------------------------------------------

--
-- Struktur dari tabel `migrations`
--

CREATE TABLE `migrations` (
  `id` int(10) UNSIGNED NOT NULL,
  `migration` varchar(191) COLLATE utf8mb4_unicode_ci NOT NULL,
  `batch` int(11) NOT NULL
) ENGINE=MyISAM DEFAULT CHARSET=utf8mb4 COLLATE=utf8mb4_unicode_ci;

--
-- Dumping data untuk tabel `migrations`
--

INSERT INTO `migrations` (`id`, `migration`, `batch`) VALUES
(35, '2014_10_12_000000_create_users_table', 1),
(36, '2014_10_12_100000_create_password_resets_table', 1),
(37, '2019_08_19_000000_create_failed_jobs_table', 1),
(38, '2019_12_14_000001_create_personal_access_tokens_table', 1),
(39, '2023_01_28_163339_create_menus_table', 1),
(40, '2023_01_28_164514_create_sales_table', 1),
(41, '2023_02_01_192644_create_spends_table', 2),
(42, '2023_02_01_194405_create_stats_table', 2),
(43, '2023_02_02_193626_create_stocks_table', 3);

-- --------------------------------------------------------

--
-- Struktur dari tabel `password_resets`
--

CREATE TABLE `password_resets` (
  `email` varchar(191) COLLATE utf8mb4_unicode_ci NOT NULL,
  `token` varchar(191) COLLATE utf8mb4_unicode_ci NOT NULL,
  `created_at` timestamp NULL DEFAULT NULL
) ENGINE=MyISAM DEFAULT CHARSET=utf8mb4 COLLATE=utf8mb4_unicode_ci;

-- --------------------------------------------------------

--
-- Struktur dari tabel `personal_access_tokens`
--

CREATE TABLE `personal_access_tokens` (
  `id` bigint(20) UNSIGNED NOT NULL,
  `tokenable_type` varchar(191) COLLATE utf8mb4_unicode_ci NOT NULL,
  `tokenable_id` bigint(20) UNSIGNED NOT NULL,
  `name` varchar(191) COLLATE utf8mb4_unicode_ci NOT NULL,
  `token` varchar(64) COLLATE utf8mb4_unicode_ci NOT NULL,
  `abilities` text COLLATE utf8mb4_unicode_ci DEFAULT NULL,
  `last_used_at` timestamp NULL DEFAULT NULL,
  `expires_at` timestamp NULL DEFAULT NULL,
  `created_at` timestamp NULL DEFAULT NULL,
  `updated_at` timestamp NULL DEFAULT NULL
) ENGINE=MyISAM DEFAULT CHARSET=utf8mb4 COLLATE=utf8mb4_unicode_ci;

-- --------------------------------------------------------

--
-- Struktur dari tabel `sales`
--

CREATE TABLE `sales` (
  `id` bigint(20) UNSIGNED NOT NULL,
  `id_menu` int(11) NOT NULL,
  `date` varchar(191) COLLATE utf8mb4_unicode_ci NOT NULL,
  `qty` int(11) NOT NULL,
  `created_at` timestamp NULL DEFAULT NULL,
  `updated_at` timestamp NULL DEFAULT NULL
) ENGINE=MyISAM DEFAULT CHARSET=utf8mb4 COLLATE=utf8mb4_unicode_ci;

--
-- Dumping data untuk tabel `sales`
--

INSERT INTO `sales` (`id`, `id_menu`, `date`, `qty`, `created_at`, `updated_at`) VALUES
(14, 9, '2023-01-29', 1, '2023-01-29 08:20:02', '2023-01-29 08:20:02'),
(17, 14, '2023-01-29', 1, '2023-01-29 08:21:39', '2023-01-29 08:21:39'),
(18, 1, '2023-01-29', 1, '2023-01-29 08:46:43', '2023-01-29 08:46:43'),
(19, 9, '2023-01-29', 1, '2023-01-29 09:01:29', '2023-01-29 09:01:29'),
(20, 4, '2023-01-29', 1, '2023-01-29 09:11:43', '2023-01-29 09:11:43'),
(21, 9, '2023-01-29', 1, '2023-01-29 09:22:16', '2023-01-29 09:22:16'),
(22, 1, '2023-01-29', 1, '2023-01-29 10:09:41', '2023-01-29 10:09:41'),
(23, 7, '2023-01-29', 1, '2023-01-29 10:09:49', '2023-01-29 10:09:49'),
(24, 10, '2023-01-29', 1, '2023-01-29 10:55:56', '2023-01-29 10:55:56'),
(25, 9, '2023-01-29', 1, '2023-01-29 10:56:03', '2023-01-29 10:56:03'),
(26, 7, '2023-01-29', 1, '2023-01-29 10:56:13', '2023-01-29 10:56:13'),
(27, 7, '2023-01-29', 1, '2023-01-29 11:19:04', '2023-01-29 11:19:04'),
(28, 12, '2023-01-29', 1, '2023-01-29 11:26:01', '2023-01-29 11:26:01'),
(29, 13, '2023-01-29', 1, '2023-01-29 11:26:08', '2023-01-29 11:26:08'),
(30, 14, '2023-01-29', 1, '2023-01-29 11:26:20', '2023-01-29 11:26:20'),
(31, 4, '2023-01-29', 1, '2023-01-29 11:26:32', '2023-01-29 11:26:32'),
(32, 6, '2023-01-29', 1, '2023-01-29 12:04:02', '2023-01-29 12:04:02'),
(33, 7, '2023-01-29', 1, '2023-01-29 13:33:05', '2023-01-29 13:33:05'),
(35, 9, '2023-01-29', 1, '2023-01-29 13:34:29', '2023-01-29 13:34:29'),
(36, 1, '2023-01-29', 1, '2023-01-29 13:34:41', '2023-01-29 13:34:41'),
(37, 9, '2023-01-29', 1, '2023-01-29 13:53:09', '2023-01-29 13:53:09'),
(38, 7, '2023-01-29', 1, '2023-01-29 13:53:14', '2023-01-29 13:53:14'),
(39, 7, '2023-01-29', 2, '2023-01-29 13:53:26', '2023-01-29 13:53:26'),
(40, 9, '2023-01-29', 1, '2023-01-29 14:33:18', '2023-01-29 14:33:18'),
(41, 7, '2023-01-29', 1, '2023-01-29 14:33:23', '2023-01-29 14:33:23'),
(42, 10, '2023-01-29', 1, '2023-01-29 14:34:42', '2023-01-29 14:34:42'),
(43, 9, '2023-01-29', 1, '2023-01-29 14:35:48', '2023-01-29 14:35:48'),
(44, 10, '2023-01-29', 1, '2023-01-29 14:50:48', '2023-01-29 14:50:48'),
(45, 2, '2023-01-29', 1, '2023-01-29 15:41:05', '2023-01-29 15:41:05'),
(46, 6, '2023-01-30', 1, '2023-01-30 07:44:33', '2023-01-30 07:44:33'),
(47, 9, '2023-01-30', 1, '2023-01-30 07:44:44', '2023-01-30 07:44:44'),
(48, 1, '2023-01-30', 1, '2023-01-30 07:45:30', '2023-01-30 07:45:30'),
(49, 9, '2023-01-30', 1, '2023-01-30 10:16:27', '2023-01-30 10:16:27'),
(50, 1, '2023-01-30', 1, '2023-01-30 10:16:40', '2023-01-30 10:16:40'),
(51, 1, '2023-01-30', 1, '2023-01-30 10:16:56', '2023-01-30 10:16:56'),
(52, 7, '2023-01-30', 1, '2023-01-30 10:32:05', '2023-01-30 10:32:05'),
(53, 7, '2023-01-30', 1, '2023-01-30 11:26:29', '2023-01-30 11:26:29'),
(54, 9, '2023-01-30', 1, '2023-01-30 13:25:23', '2023-01-30 13:25:23'),
(55, 14, '2023-01-30', 1, '2023-01-30 13:32:22', '2023-01-30 13:32:22'),
(56, 7, '2023-01-30', 2, '2023-01-30 13:32:34', '2023-01-30 13:32:34'),
(57, 9, '2023-01-30', 1, '2023-01-30 13:32:43', '2023-01-30 13:32:43'),
(58, 7, '2023-01-30', 2, '2023-01-30 14:15:24', '2023-01-30 14:15:24'),
(59, 9, '2023-01-30', 2, '2023-01-30 14:15:32', '2023-01-30 14:15:32'),
(60, 9, '2023-01-30', 1, '2023-01-30 14:23:22', '2023-01-30 14:23:22'),
(61, 9, '2023-01-30', 1, '2023-01-30 14:41:38', '2023-01-30 14:41:38'),
(62, 9, '2023-01-30', 1, '2023-01-30 14:48:35', '2023-01-30 14:48:35'),
(63, 14, '2023-01-30', 1, '2023-01-30 15:32:09', '2023-01-30 15:32:09'),
(64, 10, '2023-01-30', 1, '2023-01-30 15:32:33', '2023-01-30 15:32:33'),
(65, 9, '2023-01-31', 1, '2023-01-31 09:31:54', '2023-01-31 09:31:54'),
(66, 1, '2023-01-31', 1, '2023-01-31 09:32:00', '2023-01-31 09:32:00'),
(67, 7, '2023-01-31', 2, '2023-01-31 10:21:49', '2023-01-31 10:21:49'),
(68, 9, '2023-01-31', 1, '2023-01-31 11:31:52', '2023-01-31 11:31:52'),
(69, 9, '2023-01-31', 1, '2023-01-31 11:44:26', '2023-01-31 11:44:26'),
(70, 2, '2023-01-31', 1, '2023-01-31 13:01:00', '2023-01-31 13:01:00'),
(71, 7, '2023-01-31', 1, '2023-01-31 13:01:06', '2023-01-31 13:01:06'),
(72, 7, '2023-01-31', 1, '2023-01-31 13:01:11', '2023-01-31 13:01:11'),
(73, 9, '2023-01-31', 1, '2023-01-31 13:01:16', '2023-01-31 13:01:16'),
(74, 7, '2023-01-31', 1, '2023-01-31 13:01:21', '2023-01-31 13:01:21'),
(75, 9, '2023-01-31', 2, '2023-01-31 13:48:42', '2023-01-31 13:48:42'),
(76, 1, '2023-01-31', 1, '2023-01-31 14:27:42', '2023-01-31 14:27:42'),
(77, 7, '2023-01-31', 1, '2023-01-31 14:27:57', '2023-01-31 14:27:57'),
(78, 12, '2023-01-31', 1, '2023-01-31 14:40:58', '2023-01-31 14:40:58'),
(79, 9, '2023-01-31', 1, '2023-01-31 14:41:04', '2023-01-31 14:41:04'),
(80, 6, '2023-01-31', 1, '2023-01-31 14:41:08', '2023-01-31 14:41:08'),
(81, 4, '2023-01-31', 1, '2023-01-31 15:30:31', '2023-01-31 15:30:31'),
(82, 14, '2023-01-31', 1, '2023-01-31 15:30:37', '2023-01-31 15:30:37'),
(83, 13, '2023-01-31', 1, '2023-01-31 15:30:48', '2023-01-31 15:30:48'),
(84, 4, '2023-02-01', 1, '2023-02-01 08:08:43', '2023-02-01 08:08:43'),
(85, 2, '2023-02-01', 1, '2023-02-01 08:08:54', '2023-02-01 08:08:54'),
(86, 9, '2023-02-01', 1, '2023-02-01 08:09:02', '2023-02-01 08:09:02'),
(87, 10, '2023-02-01', 1, '2023-02-01 09:55:42', '2023-02-01 09:55:42'),
(88, 2, '2023-02-01', 1, '2023-02-01 09:55:55', '2023-02-01 09:55:55'),
(89, 7, '2023-02-01', 1, '2023-02-01 10:15:57', '2023-02-01 10:15:57'),
(90, 9, '2023-02-01', 1, '2023-02-01 10:16:02', '2023-02-01 10:16:02'),
(91, 5, '2023-02-01', 1, '2023-02-01 10:51:11', '2023-02-01 10:51:11'),
(92, 7, '2023-02-01', 2, '2023-02-01 10:51:20', '2023-02-01 10:51:20'),
(93, 9, '2023-02-01', 1, '2023-02-01 10:51:31', '2023-02-01 10:51:31'),
(94, 4, '2023-02-01', 1, '2023-02-01 10:51:38', '2023-02-01 10:51:38'),
(95, 2, '2023-02-01', 1, '2023-02-01 12:01:45', '2023-02-01 12:01:45'),
(96, 2, '2023-02-01', 1, '2023-02-01 12:01:55', '2023-02-01 12:01:55'),
(97, 1, '2023-02-01', 1, '2023-02-01 12:02:00', '2023-02-01 12:02:00'),
(98, 7, '2023-02-01', 3, '2023-02-01 12:02:07', '2023-02-01 12:02:07'),
(99, 9, '2023-02-01', 3, '2023-02-01 12:59:00', '2023-02-01 12:59:00'),
(100, 6, '2023-02-01', 1, '2023-02-01 12:59:11', '2023-02-01 12:59:11'),
(101, 9, '2023-02-01', 1, '2023-02-01 13:09:18', '2023-02-01 13:09:18'),
(102, 7, '2023-02-01', 1, '2023-02-01 13:23:51', '2023-02-01 13:23:51'),
(103, 6, '2023-02-01', 1, '2023-02-01 13:46:39', '2023-02-01 13:46:39'),
(104, 9, '2023-02-01', 1, '2023-02-01 13:55:57', '2023-02-01 13:55:57'),
(105, 9, '2023-02-01', 1, '2023-02-01 14:04:55', '2023-02-01 14:04:55'),
(106, 2, '2023-02-01', 1, '2023-02-01 14:16:45', '2023-02-01 14:16:45'),
(109, 7, '2023-02-03', 1, '2023-02-03 09:00:41', '2023-02-03 09:00:41'),
(110, 9, '2023-02-03', 1, '2023-02-03 09:00:41', '2023-02-03 09:00:41'),
(111, 11, '2023-02-03', 1, '2023-02-03 09:00:41', '2023-02-03 09:00:41'),
(112, 1, '2023-02-03', 1, '2023-02-03 09:34:12', '2023-02-03 09:34:12'),
(113, 7, '2023-02-03', 2, '2023-02-03 09:34:12', '2023-02-03 09:34:12'),
(114, 2, '2023-02-03', 1, '2023-02-03 10:07:40', '2023-02-03 10:07:40'),
(115, 2, '2023-02-03', 1, '2023-02-03 10:21:18', '2023-02-03 10:21:18'),
(116, 9, '2023-02-03', 1, '2023-02-03 10:21:18', '2023-02-03 10:21:18'),
(117, 1, '2023-02-03', 1, '2023-02-03 10:44:51', '2023-02-03 10:44:51'),
(118, 2, '2023-02-03', 2, '2023-02-03 10:44:51', '2023-02-03 10:44:51'),
(119, 7, '2023-02-03', 2, '2023-02-03 10:44:51', '2023-02-03 10:44:51'),
(120, 9, '2023-02-03', 1, '2023-02-03 10:44:51', '2023-02-03 10:44:51'),
(121, 10, '2023-02-03', 1, '2023-02-03 11:02:41', '2023-02-03 11:02:41'),
(122, 9, '2023-02-03', 1, '2023-02-03 11:53:34', '2023-02-03 11:53:34'),
(123, 7, '2023-02-03', 1, '2023-02-03 12:27:24', '2023-02-03 12:27:24'),
(124, 9, '2023-02-03', 1, '2023-02-03 12:45:04', '2023-02-03 12:45:04'),
(125, 7, '2023-02-03', 2, '2023-02-03 13:01:50', '2023-02-03 13:01:50'),
(126, 7, '2023-02-03', 1, '2023-02-03 13:21:09', '2023-02-03 13:21:09'),
(127, 4, '2023-02-03', 1, '2023-02-03 13:21:17', '2023-02-03 13:21:17'),
(128, 7, '2023-02-03', 2, '2023-02-03 13:37:45', '2023-02-03 13:37:45'),
(129, 9, '2023-02-03', 1, '2023-02-03 13:57:02', '2023-02-03 13:57:02'),
(130, 9, '2023-02-03', 1, '2023-02-03 14:28:47', '2023-02-03 14:28:47'),
(131, 10, '2023-02-04', 1, '2023-02-04 11:44:28', '2023-02-04 11:44:28'),
(132, 10, '2023-02-04', 1, '2023-02-04 11:44:57', '2023-02-04 11:44:57'),
(133, 6, '2023-02-04', 1, '2023-02-04 11:45:02', '2023-02-04 11:45:02'),
(134, 1, '2023-02-04', 1, '2023-02-04 11:58:56', '2023-02-04 11:58:56'),
(135, 7, '2023-02-04', 2, '2023-02-04 12:13:38', '2023-02-04 12:13:38'),
(136, 7, '2023-02-04', 1, '2023-02-04 12:13:56', '2023-02-04 12:13:56'),
(137, 9, '2023-02-04', 1, '2023-02-04 12:13:56', '2023-02-04 12:13:56'),
(138, 2, '2023-02-04', 1, '2023-02-04 12:20:44', '2023-02-04 12:20:44'),
(139, 7, '2023-02-04', 1, '2023-02-04 12:20:44', '2023-02-04 12:20:44'),
(140, 7, '2023-02-04', 1, '2023-02-04 12:28:54', '2023-02-04 12:28:54'),
(141, 10, '2023-02-04', 1, '2023-02-04 12:29:20', '2023-02-04 12:29:20'),
(142, 9, '2023-02-04', 1, '2023-02-04 12:42:45', '2023-02-04 12:42:45'),
(143, 2, '2023-02-04', 1, '2023-02-04 12:43:34', '2023-02-04 12:43:34'),
(144, 9, '2023-02-04', 1, '2023-02-04 12:56:13', '2023-02-04 12:56:13'),
(145, 7, '2023-02-04', 1, '2023-02-04 13:12:04', '2023-02-04 13:12:04'),
(146, 9, '2023-02-04', 1, '2023-02-04 13:30:35', '2023-02-04 13:30:35'),
(147, 11, '2023-02-04', 1, '2023-02-04 13:30:35', '2023-02-04 13:30:35'),
(148, 5, '2023-02-04', 2, '2023-02-04 13:34:28', '2023-02-04 13:34:28'),
(149, 6, '2023-02-04', 1, '2023-02-04 13:34:29', '2023-02-04 13:34:29'),
(150, 13, '2023-02-04', 1, '2023-02-04 13:34:29', '2023-02-04 13:34:29'),
(151, 14, '2023-02-04', 2, '2023-02-04 13:34:29', '2023-02-04 13:34:29'),
(152, 12, '2023-02-04', 1, '2023-02-04 13:34:29', '2023-02-04 13:34:29'),
(154, 11, '2023-02-04', 1, '2023-02-04 13:57:11', '2023-02-04 13:57:11'),
(155, 4, '2023-02-04', 1, '2023-02-04 14:01:43', '2023-02-04 14:01:43'),
(156, 8, '2023-02-04', 1, '2023-02-04 14:01:44', '2023-02-04 14:01:44'),
(157, 9, '2023-02-04', 1, '2023-02-04 14:01:44', '2023-02-04 14:01:44'),
(158, 9, '2023-02-04', 2, '2023-02-04 14:59:02', '2023-02-04 14:59:02'),
(159, 9, '2023-02-04', 1, '2023-02-04 15:03:42', '2023-02-04 15:03:42'),
(160, 13, '2023-02-04', 1, '2023-02-04 15:06:42', '2023-02-04 15:06:42'),
(161, 7, '2023-02-04', 3, '2023-02-04 15:06:42', '2023-02-04 15:06:42'),
(162, 8, '2023-02-04', 1, '2023-02-04 15:06:42', '2023-02-04 15:06:42'),
(163, 9, '2023-02-04', 2, '2023-02-04 15:06:42', '2023-02-04 15:06:42'),
(164, 11, '2023-02-04', 1, '2023-02-04 15:06:42', '2023-02-04 15:06:42'),
(165, 10, '2023-02-04', 2, '2023-02-04 15:06:42', '2023-02-04 15:06:42'),
(166, 2, '2023-02-05', 1, '2023-02-05 08:53:43', '2023-02-05 08:53:43'),
(167, 9, '2023-02-05', 1, '2023-02-05 08:53:43', '2023-02-05 08:53:43'),
(168, 7, '2023-02-05', 1, '2023-02-05 09:00:26', '2023-02-05 09:00:26'),
(169, 7, '2023-02-05', 1, '2023-02-05 09:03:33', '2023-02-05 09:03:33'),
(170, 9, '2023-02-05', 1, '2023-02-05 09:20:32', '2023-02-05 09:20:32'),
(171, 7, '2023-02-05', 2, '2023-02-05 10:25:55', '2023-02-05 10:25:55'),
(172, 9, '2023-02-05', 1, '2023-02-05 10:25:55', '2023-02-05 10:25:55'),
(173, 10, '2023-02-05', 1, '2023-02-05 10:25:55', '2023-02-05 10:25:55'),
(174, 2, '2023-02-05', 1, '2023-02-05 10:53:52', '2023-02-05 10:53:52'),
(175, 2, '2023-02-05', 1, '2023-02-05 12:00:43', '2023-02-05 12:00:43'),
(176, 9, '2023-02-05', 1, '2023-02-05 12:00:43', '2023-02-05 12:00:43'),
(177, 7, '2023-02-05', 1, '2023-02-05 12:13:31', '2023-02-05 12:13:31'),
(178, 9, '2023-02-05', 1, '2023-02-05 12:23:28', '2023-02-05 12:23:28'),
(179, 2, '2023-02-05', 1, '2023-02-05 12:54:44', '2023-02-05 12:54:44'),
(180, 14, '2023-02-05', 1, '2023-02-05 12:54:44', '2023-02-05 12:54:44'),
(181, 12, '2023-02-05', 1, '2023-02-05 13:04:48', '2023-02-05 13:04:48'),
(182, 10, '2023-02-05', 2, '2023-02-05 13:12:15', '2023-02-05 13:12:15'),
(183, 7, '2023-02-05', 1, '2023-02-05 13:26:05', '2023-02-05 13:26:05'),
(184, 13, '2023-02-05', 1, '2023-02-05 13:36:07', '2023-02-05 13:36:07'),
(185, 10, '2023-02-05', 1, '2023-02-05 13:36:07', '2023-02-05 13:36:07'),
(186, 10, '2023-02-05', 1, '2023-02-05 13:37:28', '2023-02-05 13:37:28'),
(187, 9, '2023-02-05', 1, '2023-02-05 13:38:32', '2023-02-05 13:38:32'),
(188, 7, '2023-02-05', 1, '2023-02-05 14:02:22', '2023-02-05 14:02:22'),
(189, 9, '2023-02-05', 1, '2023-02-05 14:16:28', '2023-02-05 14:16:28'),
(190, 5, '2023-02-05', 1, '2023-02-05 14:41:50', '2023-02-05 14:41:50'),
(191, 7, '2023-02-05', 1, '2023-02-05 14:41:50', '2023-02-05 14:41:50'),
(192, 9, '2023-02-05', 1, '2023-02-05 14:41:50', '2023-02-05 14:41:50');

-- --------------------------------------------------------

--
-- Struktur dari tabel `spends`
--

CREATE TABLE `spends` (
  `id` bigint(20) UNSIGNED NOT NULL,
  `created_at` timestamp NULL DEFAULT NULL,
  `updated_at` timestamp NULL DEFAULT NULL
) ENGINE=MyISAM DEFAULT CHARSET=utf8mb4 COLLATE=utf8mb4_unicode_ci;

-- --------------------------------------------------------

--
-- Struktur dari tabel `stats`
--

CREATE TABLE `stats` (
  `id` bigint(20) UNSIGNED NOT NULL,
  `created_at` timestamp NULL DEFAULT NULL,
  `updated_at` timestamp NULL DEFAULT NULL
) ENGINE=MyISAM DEFAULT CHARSET=utf8mb4 COLLATE=utf8mb4_unicode_ci;

-- --------------------------------------------------------

--
-- Struktur dari tabel `stocks`
--

CREATE TABLE `stocks` (
  `id` bigint(20) UNSIGNED NOT NULL,
  `name` varchar(191) COLLATE utf8mb4_unicode_ci NOT NULL,
  `qty` int(11) NOT NULL COMMENT 'berat/total/dsb',
  `unit` varchar(191) COLLATE utf8mb4_unicode_ci NOT NULL COMMENT 'biji/gram/bungkus/dsb',
  `qty_usage` int(11) NOT NULL COMMENT 'jumlah penggunaan',
  `created_at` timestamp NULL DEFAULT NULL,
  `updated_at` timestamp NULL DEFAULT NULL
) ENGINE=InnoDB DEFAULT CHARSET=utf8mb4 COLLATE=utf8mb4_unicode_ci;

--
-- Dumping data untuk tabel `stocks`
--

INSERT INTO `stocks` (`id`, `name`, `qty`, `unit`, `qty_usage`, `created_at`, `updated_at`) VALUES
(1, 'Roti', 300, 'porsi', 125, '2023-02-02 16:15:52', '2023-02-05 14:41:50'),
(2, 'Saus Pasta', 3, 'toples', 75, '2023-02-02 16:15:52', '2023-02-05 14:41:50'),
(3, 'Sosis', 0, '', 0, '2023-02-02 16:15:52', '2023-02-02 16:15:52'),
(4, 'Papperoni', 0, '', 0, '2023-02-02 16:15:52', '2023-02-02 16:15:52'),
(5, 'Beef', 0, '', 0, '2023-02-02 16:15:52', '2023-02-02 16:15:52'),
(6, 'Oreo', 0, '', 0, '2023-02-02 16:15:52', '2023-02-02 16:15:52'),
(7, 'Glaze Coklat', 0, '', 0, '2023-02-02 16:15:52', '2023-02-02 16:15:52'),
(8, 'Glaze Strawberry', 0, '', 0, '2023-02-02 16:15:52', '2023-02-02 16:15:52'),
(9, 'Glaze Vanilla', 0, '', 0, '2023-02-02 16:15:52', '2023-02-02 16:15:52'),
(10, 'Glaze Greentea', 0, '', 0, '2023-02-02 16:15:52', '2023-02-02 16:15:52'),
(11, 'Meses', 0, '', 0, '2023-02-02 16:15:52', '2023-02-02 16:15:52'),
(12, 'Keju', 0, '', 0, '2023-02-02 16:15:52', '2023-02-02 16:15:52'),
(13, 'Saus Keju', 0, '', 0, '2023-02-02 16:15:52', '2023-02-02 16:15:52'),
(14, 'Mozarella', 0, '', 0, '2023-02-02 16:15:52', '2023-02-02 16:15:52'),
(15, 'Saus Tomat', 0, '', 0, '2023-02-02 16:15:52', '2023-02-02 16:15:52'),
(16, 'Saus Pedas', 0, '', 0, '2023-02-02 16:15:52', '2023-02-02 16:15:52'),
(17, 'Mayonise', 0, '', 0, '2023-02-02 16:15:52', '2023-02-02 16:15:52'),
(18, 'Margarin', 6, 'kemasan', 125, '2023-02-02 16:15:52', '2023-02-05 14:41:50'),
(19, 'Saus Sachetan', 0, '', 0, '2023-02-02 16:15:52', '2023-02-02 16:15:52'),
(20, 'Kotak Pizza', 500, 'biji', 325, '2023-02-02 16:15:52', '2023-02-05 14:41:50');

-- --------------------------------------------------------

--
-- Struktur dari tabel `users`
--

CREATE TABLE `users` (
  `id` bigint(20) UNSIGNED NOT NULL,
  `name` varchar(191) COLLATE utf8mb4_unicode_ci NOT NULL,
  `email` varchar(191) COLLATE utf8mb4_unicode_ci NOT NULL,
  `email_verified_at` timestamp NULL DEFAULT NULL,
  `password` varchar(191) COLLATE utf8mb4_unicode_ci NOT NULL,
  `remember_token` varchar(100) COLLATE utf8mb4_unicode_ci DEFAULT NULL,
  `created_at` timestamp NULL DEFAULT NULL,
  `updated_at` timestamp NULL DEFAULT NULL
) ENGINE=MyISAM DEFAULT CHARSET=utf8mb4 COLLATE=utf8mb4_unicode_ci;

--
-- Indexes for dumped tables
--

--
-- Indeks untuk tabel `failed_jobs`
--
ALTER TABLE `failed_jobs`
  ADD PRIMARY KEY (`id`),
  ADD UNIQUE KEY `failed_jobs_uuid_unique` (`uuid`);

--
-- Indeks untuk tabel `menus`
--
ALTER TABLE `menus`
  ADD PRIMARY KEY (`id`);

--
-- Indeks untuk tabel `migrations`
--
ALTER TABLE `migrations`
  ADD PRIMARY KEY (`id`);

--
-- Indeks untuk tabel `password_resets`
--
ALTER TABLE `password_resets`
  ADD PRIMARY KEY (`email`);

--
-- Indeks untuk tabel `personal_access_tokens`
--
ALTER TABLE `personal_access_tokens`
  ADD PRIMARY KEY (`id`),
  ADD UNIQUE KEY `personal_access_tokens_token_unique` (`token`),
  ADD KEY `personal_access_tokens_tokenable_type_tokenable_id_index` (`tokenable_type`,`tokenable_id`);

--
-- Indeks untuk tabel `sales`
--
ALTER TABLE `sales`
  ADD PRIMARY KEY (`id`);

--
-- Indeks untuk tabel `spends`
--
ALTER TABLE `spends`
  ADD PRIMARY KEY (`id`);

--
-- Indeks untuk tabel `stats`
--
ALTER TABLE `stats`
  ADD PRIMARY KEY (`id`);

--
-- Indeks untuk tabel `stocks`
--
ALTER TABLE `stocks`
  ADD PRIMARY KEY (`id`);

--
-- Indeks untuk tabel `users`
--
ALTER TABLE `users`
  ADD PRIMARY KEY (`id`),
  ADD UNIQUE KEY `users_email_unique` (`email`);

--
-- AUTO_INCREMENT untuk tabel yang dibuang
--

--
-- AUTO_INCREMENT untuk tabel `failed_jobs`
--
ALTER TABLE `failed_jobs`
  MODIFY `id` bigint(20) UNSIGNED NOT NULL AUTO_INCREMENT;

--
-- AUTO_INCREMENT untuk tabel `menus`
--
ALTER TABLE `menus`
  MODIFY `id` bigint(20) UNSIGNED NOT NULL AUTO_INCREMENT, AUTO_INCREMENT=15;

--
-- AUTO_INCREMENT untuk tabel `migrations`
--
ALTER TABLE `migrations`
  MODIFY `id` int(10) UNSIGNED NOT NULL AUTO_INCREMENT, AUTO_INCREMENT=44;

--
-- AUTO_INCREMENT untuk tabel `personal_access_tokens`
--
ALTER TABLE `personal_access_tokens`
  MODIFY `id` bigint(20) UNSIGNED NOT NULL AUTO_INCREMENT;

--
-- AUTO_INCREMENT untuk tabel `sales`
--
ALTER TABLE `sales`
  MODIFY `id` bigint(20) UNSIGNED NOT NULL AUTO_INCREMENT, AUTO_INCREMENT=193;

--
-- AUTO_INCREMENT untuk tabel `spends`
--
ALTER TABLE `spends`
  MODIFY `id` bigint(20) UNSIGNED NOT NULL AUTO_INCREMENT;

--
-- AUTO_INCREMENT untuk tabel `stats`
--
ALTER TABLE `stats`
  MODIFY `id` bigint(20) UNSIGNED NOT NULL AUTO_INCREMENT;

--
-- AUTO_INCREMENT untuk tabel `stocks`
--
ALTER TABLE `stocks`
  MODIFY `id` bigint(20) UNSIGNED NOT NULL AUTO_INCREMENT, AUTO_INCREMENT=21;

--
-- AUTO_INCREMENT untuk tabel `users`
--
ALTER TABLE `users`
  MODIFY `id` bigint(20) UNSIGNED NOT NULL AUTO_INCREMENT;
COMMIT;

/*!40101 SET CHARACTER_SET_CLIENT=@OLD_CHARACTER_SET_CLIENT */;
/*!40101 SET CHARACTER_SET_RESULTS=@OLD_CHARACTER_SET_RESULTS */;
/*!40101 SET COLLATION_CONNECTION=@OLD_COLLATION_CONNECTION */;
